match,teamInnings,bowlerName,Overs,Maiden,Runs,Wickets,Economy,0s,4s,6s,WD,NB
India vs Australia,India,Mitchell Starc,10.0,0,55,3,5.5,30,4,1,3,0
India vs Australia,India,Josh Hazlewood,10.0,0,60,2,6.0,22,4,1,1,0
India vs Australia,India,Glenn Maxwell,6.0,0,35,1,5.83,19,4,1,0,0
India vs Australia,India,Pat Cummins,10.0,0,34,2,3.4,30,0,0,2,0
India vs Australia,India,Adam Zampa,10.0,0,44,1,4.4,22,1,0,1,0
India vs Australia,India,Mitchell Marsh,2.0,0,5,0,2.5,7,0,0,0,0
India vs Australia,India,Travis Head,2.0,0,4,0,2.0,8,0,0,0,0
Australia vs South Africa,South Africa,Mitchell Starc,10.0,1,34,3,3.4,46,3,1,4,0
Australia vs South Africa,South Africa,Josh Hazlewood,8.0,3,12,2,1.5,39,1,0,0,0
Australia vs South Africa,South Africa,Pat Cummins,9.4,0,51,3,5.27,32,5,1,2,0
Australia vs South Africa,South Africa,Adam Zampa,7.0,0,55,0,7.85,21,1,6,0,0
Australia vs South Africa,South Africa,Glenn Maxwell,10.0,0,35,0,3.5,35,3,0,0,0
Australia vs South Africa,South Africa,Travis Head,5.0,0,21,2,4.2,19,3,0,1,0
India vs New Zealand,India,Trent Boult,10.0,0,86,1,8.6,26,9,4,2,0
India vs New Zealand,India,Tim Southee,10.0,0,100,3,10.0,20,8,6,1,0
India vs New Zealand,India,Mitchell Santner,10.0,1,51,0,5.1,29,3,2,0,0
India vs New Zealand,India,Lockie Ferguson,8.0,0,65,0,8.12,15,7,1,1,0
India vs New Zealand,India,Rachin Ravindra,7.0,0,60,0,8.57,13,2,4,2,0
India vs New Zealand,India,Glenn Phillips,5.0,0,33,0,6.6,11,1,2,0,0
India vs Netherlands,India,Aryan Dutt,7.0,0,52,0,7.42,19,7,1,1,0
India vs Netherlands,India,Logan van Beek,10.0,0,107,0,10.7,17,10,6,1,0
India vs Netherlands,India,Colin Ackermann,3.0,0,25,0,8.33,5,2,1,1,0
India vs Netherlands,India,Paul van Meekeren,10.0,0,90,1,9.0,19,6,5,2,1
India vs Netherlands,India,Roelof van der Merwe,10.0,0,53,1,5.3,27,4,1,0,0
India vs Netherlands,India,Bas de Leede,10.0,0,82,2,8.2,22,8,2,8,0
England vs Pakistan,England,Shaheen Shah Afridi,10.0,1,72,2,7.2,32,9,3,0,0
England vs Pakistan,England,Haris Rauf,10.0,0,64,3,6.4,32,7,0,3,0
England vs Pakistan,England,Iftikhar Ahmed,7.0,0,38,1,5.42,17,4,0,0,0
England vs Pakistan,England,Mohammad Wasim,10.0,0,74,2,7.4,26,7,3,1,0
England vs Pakistan,England,Shadab Khan,10.0,0,57,0,5.7,25,5,1,0,0
England vs Pakistan,England,Agha Salman,3.0,0,25,0,8.33,7,3,1,0,0
Australia vs Bangladesh,Bangladesh,Josh Hazlewood,7.0,1,21,0,3.0,29,2,0,0,0
Australia vs Bangladesh,Bangladesh,Pat Cummins,8.0,0,56,0,7.0,22,7,0,4,0
Australia vs Bangladesh,Bangladesh,Sean Abbott,10.0,0,61,2,6.1,29,4,2,0,1
Australia vs Bangladesh,Bangladesh,Mitchell Marsh,4.0,0,48,0,12.0,8,6,2,2,1
Australia vs Bangladesh,Bangladesh,Adam Zampa,10.0,0,32,2,3.2,39,2,1,0,0
Australia vs Bangladesh,Bangladesh,Travis Head,6.0,0,33,0,5.5,14,2,1,0,0
Australia vs Bangladesh,Bangladesh,Marcus Stoinis,5.0,0,45,1,9.0,4,4,0,2,0
Afghanistan vs South Africa,Afghanistan,Kagiso Rabada,10.0,0,40,0,4.0,37,4,1,0,0
Afghanistan vs South Africa,Afghanistan,Lungi Ngidi,8.3,0,69,2,8.11,28,5,4,6,0
Afghanistan vs South Africa,Afghanistan,Aiden Markram,4.3,0,25,0,5.55,13,2,1,0,0
Afghanistan vs South Africa,Afghanistan,Gerald Coetzee,10.0,1,44,4,4.4,35,5,0,2,0
Afghanistan vs South Africa,Afghanistan,Keshav Maharaj,10.0,1,25,2,2.5,41,0,0,2,0
Afghanistan vs South Africa,Afghanistan,Andile Phehlukwayo,7.0,0,36,1,5.14,20,4,0,0,0
New Zealand vs Sri Lanka,Sri Lanka,Trent Boult,10.0,3,37,3,3.7,45,6,0,3,0
New Zealand vs Sri Lanka,Sri Lanka,Tim Southee,8.0,0,52,1,6.5,29,6,3,0,0
New Zealand vs Sri Lanka,Sri Lanka,Lockie Ferguson,10.0,2,35,2,3.5,43,6,0,0,0
New Zealand vs Sri Lanka,Sri Lanka,Mitchell Santner,10.0,2,22,2,2.2,45,2,0,0,0
New Zealand vs Sri Lanka,Sri Lanka,Rachin Ravindra,7.4,0,21,2,2.73,28,1,0,0,0
New Zealand vs Sri Lanka,Sri Lanka,Glenn Phillips,1.0,0,3,0,3.0,3,0,0,0,0
England vs Netherlands,England,Aryan Dutt,10.0,0,67,2,6.7,30,5,3,1,1
England vs Netherlands,England,Logan van Beek,10.0,0,88,2,8.8,25,10,1,10,0
England vs Netherlands,England,Paul van Meekeren,10.0,0,57,1,5.7,28,5,0,5,0
England vs Netherlands,England,Bas de Leede,10.0,0,74,3,7.4,26,5,4,0,0
England vs Netherlands,England,Roelof van der Merwe,3.0,0,22,0,7.33,6,0,2,0,0
England vs Netherlands,England,Colin Ackermann,7.0,0,31,0,4.42,15,1,0,0,0
Afghanistan vs Australia,Afghanistan,Mitchell Starc,9.0,0,70,1,7.77,26,4,4,5,0
Afghanistan vs Australia,Afghanistan,Josh Hazlewood,9.0,0,39,2,4.33,30,2,1,1,0
Afghanistan vs Australia,Afghanistan,Glenn Maxwell,10.0,0,55,1,5.5,24,2,1,0,1
Afghanistan vs Australia,Afghanistan,Pat Cummins,8.0,0,47,0,5.87,25,5,1,1,0
Afghanistan vs Australia,Afghanistan,Adam Zampa,10.0,0,58,1,5.8,22,2,2,2,0
Afghanistan vs Australia,Afghanistan,Travis Head,3.0,0,15,0,5.0,7,1,0,0,0
Afghanistan vs Australia,Afghanistan,Marcus Stoinis,1.0,0,2,0,2.0,4,0,0,0,0
Bangladesh vs Sri Lanka,Sri Lanka,Shoriful Islam,9.3,0,51,2,5.36,33,7,0,1,0
Bangladesh vs Sri Lanka,Sri Lanka,Taskin Ahmed,10.0,1,39,0,3.9,39,5,0,1,0
Bangladesh vs Sri Lanka,Sri Lanka,Tanzim Hasan Sakib,10.0,0,80,3,8.0,27,8,4,2,0
Bangladesh vs Sri Lanka,Sri Lanka,Shakib Al Hasan,10.0,0,57,2,5.7,23,1,3,0,0
Bangladesh vs Sri Lanka,Sri Lanka,Mehidy Hasan Miraz,10.0,0,49,1,4.9,30,6,0,0,0
India vs South Africa,India,Lungi Ngidi,8.2,0,63,1,7.56,29,8,3,2,0
India vs South Africa,India,Marco Jansen,9.4,0,94,1,9.72,28,15,1,7,1
India vs South Africa,India,Kagiso Rabada,10.0,1,48,1,4.8,33,6,0,0,0
India vs South Africa,India,Keshav Maharaj,10.0,0,30,1,3.0,32,0,0,1,0
India vs South Africa,India,Tabraiz Shamsi,10.0,0,72,1,7.2,22,5,1,7,1
India vs South Africa,India,Aiden Markram,2.0,0,17,0,8.5,4,1,1,1,0
Australia vs England,Australia,David Willey,10.0,1,48,1,4.8,31,4,0,1,0
Australia vs England,Australia,Chris Woakes,9.3,0,54,4,5.68,31,5,1,0,0
Australia vs England,Australia,Mark Wood,10.0,0,70,2,7.0,27,9,0,3,0
Australia vs England,Australia,Liam Livingstone,6.0,0,42,1,7.0,10,2,1,0,0
Australia vs England,Australia,Moeen Ali,4.0,0,28,0,7.0,9,4,0,0,0
Australia vs England,Australia,Adil Rashid,10.0,0,38,2,3.8,34,1,1,0,0
New Zealand vs Pakistan,New Zealand,Shaheen Shah Afridi,10.0,0,90,0,9.0,24,11,2,5,0
New Zealand vs Pakistan,New Zealand,Hasan Ali,10.0,0,82,1,8.2,26,10,2,2,1
New Zealand vs Pakistan,New Zealand,Iftikhar Ahmed,8.0,0,55,1,6.87,20,8,0,0,0
New Zealand vs Pakistan,New Zealand,Haris Rauf,10.0,0,85,1,8.5,24,11,2,2,0
New Zealand vs Pakistan,New Zealand,Mohammad Wasim,10.0,0,60,3,6.0,28,4,1,3,0
New Zealand vs Pakistan,New Zealand,Agha Salman,2.0,0,21,0,10.5,3,2,1,1,0
Afghanistan vs Netherlands,Netherlands,Mujeeb Ur Rahman,10.0,0,40,1,4.0,40,4,0,3,0
Afghanistan vs Netherlands,Netherlands,Fazalhaq Farooqi,5.0,0,36,0,7.2,20,8,0,2,0
Afghanistan vs Netherlands,Netherlands,Azmatullah Omarzai,3.0,0,11,0,3.66,10,1,0,0,0
Afghanistan vs Netherlands,Netherlands,Mohammad Nabi,9.3,1,28,3,2.94,39,3,0,1,0
Afghanistan vs Netherlands,Netherlands,Rashid Khan,10.0,0,31,0,3.1,35,0,0,3,0
Afghanistan vs Netherlands,Netherlands,Noor Ahmad,9.0,0,31,2,3.44,36,3,0,3,0
India vs Sri Lanka,India,Dilshan Madushanka,10.0,0,80,5,8.0,25,8,2,6,0
India vs Sri Lanka,India,Dushmantha Chameera,10.0,2,71,1,7.1,28,8,2,0,0
India vs Sri Lanka,India,Kasun Rajitha,9.0,0,65,0,7.22,25,7,2,1,0
India vs Sri Lanka,India,Angelo Mathews,3.0,0,11,0,3.66,10,1,0,0,0
India vs Sri Lanka,India,Maheesh Theekshana,10.0,0,67,0,6.7,18,5,1,1,0
India vs Sri Lanka,India,Dushan Hemantha,8.0,0,52,0,6.5,17,2,2,0,1
New Zealand vs South Africa,South Africa,Trent Boult,10.0,1,49,1,4.9,35,5,1,2,0
New Zealand vs South Africa,South Africa,Matt Henry,5.3,0,31,0,5.63,20,4,1,1,0
New Zealand vs South Africa,South Africa,Tim Southee,10.0,0,77,2,7.7,19,6,3,1,0
New Zealand vs South Africa,South Africa,Mitchell Santner,10.0,0,58,0,5.8,18,2,1,2,0
New Zealand vs South Africa,South Africa,Glenn Phillips,7.0,0,52,0,7.42,15,2,3,2,0
New Zealand vs South Africa,South Africa,Rachin Ravindra,2.0,0,17,0,8.5,6,2,1,0,0
New Zealand vs South Africa,South Africa,James Neesham,5.3,0,69,1,12.54,7,5,5,0,0
Bangladesh vs Pakistan,Bangladesh,Shaheen Shah Afridi,9.0,1,23,3,2.55,40,2,0,2,0
Bangladesh vs Pakistan,Bangladesh,Iftikhar Ahmed,10.0,0,44,1,4.4,32,5,0,0,0
Bangladesh vs Pakistan,Bangladesh,Haris Rauf,8.0,0,36,2,4.5,28,3,0,2,0
Bangladesh vs Pakistan,Bangladesh,Mohammad Wasim,8.1,1,31,3,3.79,31,4,0,0,0
Bangladesh vs Pakistan,Bangladesh,Usama Mir,10.0,0,66,1,6.6,27,5,3,1,0
Afghanistan vs Sri Lanka,Sri Lanka,Mujeeb Ur Rahman,10.0,0,38,2,3.8,29,2,0,0,0
Afghanistan vs Sri Lanka,Sri Lanka,Fazalhaq Farooqi,10.0,1,34,4,3.4,42,3,1,0,0
Afghanistan vs Sri Lanka,Sri Lanka,Naveen-ul-Haq,6.3,0,47,0,7.23,16,5,1,2,0
Afghanistan vs Sri Lanka,Sri Lanka,Azmatullah Omarzai,7.0,0,37,1,5.28,22,5,0,1,0
Afghanistan vs Sri Lanka,Sri Lanka,Rashid Khan,10.0,0,50,1,5.0,27,3,0,2,0
Afghanistan vs Sri Lanka,Sri Lanka,Mohammad Nabi,6.0,0,33,0,5.5,11,1,0,0,0
India vs England,India,David Willey,10.0,2,45,3,4.5,39,4,2,0,0
India vs England,India,Chris Woakes,9.0,1,33,2,3.66,36,3,0,1,0
India vs England,India,Adil Rashid,10.0,0,35,2,3.5,35,3,0,0,0
India vs England,India,Mark Wood,9.0,1,46,1,5.11,32,3,2,2,0
India vs England,India,Liam Livingstone,4.0,1,29,0,7.25,13,5,0,0,0
India vs England,India,Moeen Ali,8.0,0,37,0,4.62,19,2,0,0,0
Bangladesh vs Netherlands,Netherlands,Shoriful Islam,10.0,0,51,2,5.1,38,5,1,3,0
Bangladesh vs Netherlands,Netherlands,Taskin Ahmed,9.0,1,43,2,4.77,32,6,0,1,0
Bangladesh vs Netherlands,Netherlands,Shakib Al Hasan,10.0,1,37,1,3.7,35,4,0,0,0
Bangladesh vs Netherlands,Netherlands,Mehidy Hasan Miraz,4.0,0,17,0,4.25,10,1,0,0,0
Bangladesh vs Netherlands,Netherlands,Mustafizur Rahman,10.0,1,36,2,3.6,36,3,0,1,0
Bangladesh vs Netherlands,Netherlands,Mahedi Hasan,7.0,0,40,2,5.71,23,3,1,1,0
Australia vs New Zealand,Australia,Matt Henry,6.2,0,67,1,10.57,21,8,4,2,2
Australia vs New Zealand,Australia,Trent Boult,10.0,0,77,3,7.7,25,7,3,3,0
Australia vs New Zealand,Australia,Lockie Ferguson,3.0,0,38,0,12.66,6,3,3,0,0
Australia vs New Zealand,Australia,Mitchell Santner,10.0,0,80,2,8.0,23,6,4,1,0
Australia vs New Zealand,Australia,Glenn Phillips,10.0,0,37,3,3.7,30,2,0,0,0
Australia vs New Zealand,Australia,Rachin Ravindra,8.0,0,56,0,7.0,18,5,2,0,0
Australia vs New Zealand,Australia,James Neesham,2.0,0,32,1,16.0,4,1,4,0,0
Pakistan vs South Africa,Pakistan,Marco Jansen,9.0,1,43,3,4.77,40,5,0,6,2
Pakistan vs South Africa,Pakistan,Lungi Ngidi,7.4,0,45,1,5.86,26,6,0,3,0
Pakistan vs South Africa,Pakistan,Aiden Markram,4.0,0,20,0,5.0,12,2,0,0,0
Pakistan vs South Africa,Pakistan,Keshav Maharaj,9.0,0,56,0,6.22,30,4,4,0,0
Pakistan vs South Africa,Pakistan,Gerald Coetzee,7.0,0,42,2,6.0,20,4,1,1,0
Pakistan vs South Africa,Pakistan,Tabraiz Shamsi,10.0,0,60,4,6.0,28,2,3,1,2
England vs Sri Lanka,England,Dilshan Madushanka,5.0,0,37,0,7.4,18,7,0,0,0
England vs Sri Lanka,England,Kasun Rajitha,7.0,0,36,2,5.14,25,5,0,1,0
England vs Sri Lanka,England,Maheesh Theekshana,8.2,1,21,1,2.52,36,1,0,3,0
England vs Sri Lanka,England,Angelo Mathews,5.0,1,14,2,2.8,17,0,0,0,0
England vs Sri Lanka,England,Lahiru Kumara,7.0,0,35,3,5.0,25,4,1,0,0
England vs Sri Lanka,England,Dhananjaya de Silva,1.0,0,10,0,10.0,2,2,0,0,0
Australia vs Netherlands,Australia,Aryan Dutt,7.0,0,59,1,8.42,17,9,1,0,0
Australia vs Netherlands,Australia,Colin Ackermann,4.0,0,19,0,4.75,10,0,1,0,0
Australia vs Netherlands,Australia,Logan van Beek,10.0,0,74,4,7.4,31,7,3,5,0
Australia vs Netherlands,Australia,Paul van Meekeren,10.0,0,64,0,6.4,29,7,1,3,0
Australia vs Netherlands,Australia,Vikramjit Singh,4.0,0,27,0,6.75,13,3,1,1,0
Australia vs Netherlands,Australia,Roelof van der Merwe,5.0,0,41,0,8.2,11,3,2,1,0
Australia vs Netherlands,Australia,Bas de Leede,10.0,0,115,2,11.5,20,13,6,1,1
Bangladesh vs South Africa,South Africa,Mustafizur Rahman,9.0,0,76,0,8.44,15,7,2,2,0
Bangladesh vs South Africa,South Africa,Mehidy Hasan Miraz,9.0,0,44,1,4.88,29,3,1,2,0
Bangladesh vs South Africa,South Africa,Shoriful Islam,9.0,0,76,1,8.44,19,6,4,0,0
Bangladesh vs South Africa,South Africa,Shakib Al Hasan,9.0,0,69,1,7.66,24,5,4,1,0
Bangladesh vs South Africa,South Africa,Hasan Mahmud,6.0,0,67,2,11.16,12,3,6,1,0
Bangladesh vs South Africa,South Africa,Nasum Ahmed,5.0,0,27,0,5.4,11,1,1,0,0
Bangladesh vs South Africa,South Africa,Mahmudullah,3.0,0,20,0,6.66,7,1,1,1,0
Afghanistan vs Pakistan,Pakistan,Naveen-ul-Haq,7.0,0,52,2,7.42,22,4,3,3,0
Afghanistan vs Pakistan,Pakistan,Mujeeb Ur Rahman,8.0,0,55,0,6.87,20,5,2,0,0
Afghanistan vs Pakistan,Pakistan,Mohammad Nabi,10.0,0,31,1,3.1,37,2,0,0,0
Afghanistan vs Pakistan,Pakistan,Azmatullah Omarzai,5.0,0,50,1,10.0,9,4,2,3,0
Afghanistan vs Pakistan,Pakistan,Rashid Khan,10.0,0,41,0,4.1,30,1,1,0,0
Afghanistan vs Pakistan,Pakistan,Noor Ahmad,10.0,0,49,3,4.9,27,1,1,4,1
India vs New Zealand,New Zealand,Jasprit Bumrah,10.0,1,45,1,4.5,34,5,0,0,0
India vs New Zealand,New Zealand,Mohammed Siraj,10.0,1,45,1,4.5,34,3,1,4,0
India vs New Zealand,New Zealand,Mohammed Shami,10.0,0,54,5,5.4,32,6,1,0,0
India vs New Zealand,New Zealand,Ravindra Jadeja,10.0,0,48,0,4.8,28,2,1,0,0
India vs New Zealand,New Zealand,Kuldeep Yadav,10.0,0,73,2,7.3,25,3,4,3,0
England vs South Africa,South Africa,Reece Topley,8.5,0,88,3,9.96,23,10,4,4,0
England vs South Africa,South Africa,David Willey,9.0,1,61,0,6.77,27,6,2,3,1
England vs South Africa,South Africa,Joe Root,6.1,0,48,0,7.78,6,2,2,0,0
England vs South Africa,South Africa,Gus Atkinson,9.0,0,60,2,6.66,27,6,2,1,0
England vs South Africa,South Africa,Mark Wood,7.0,0,76,0,10.85,9,10,2,1,0
England vs South Africa,South Africa,Adil Rashid,10.0,0,61,2,6.1,20,4,1,0,0
Netherlands vs Sri Lanka,Netherlands,Dilshan Madushanka,9.4,1,49,4,5.06,33,4,0,3,1
Netherlands vs Sri Lanka,Netherlands,Kasun Rajitha,9.0,0,50,4,5.55,32,5,0,6,0
Netherlands vs Sri Lanka,Netherlands,Chamika Karunaratne,9.0,1,58,0,6.44,25,1,2,6,0
Netherlands vs Sri Lanka,Netherlands,Maheesh Theekshana,10.0,0,44,1,4.4,28,0,0,2,0
Netherlands vs Sri Lanka,Netherlands,Dushan Hemantha,8.0,0,42,0,5.25,23,3,1,0,0
Netherlands vs Sri Lanka,Netherlands,Dhananjaya de Silva,4.0,0,13,0,3.25,16,0,0,3,0
Australia vs Pakistan,Australia,Shaheen Shah Afridi,10.0,1,54,5,5.4,39,4,3,3,0
Australia vs Pakistan,Australia,Hasan Ali,8.0,0,57,0,7.12,26,4,3,3,0
Australia vs Pakistan,Australia,Iftikhar Ahmed,8.0,0,37,0,4.62,30,4,1,2,0
Australia vs Pakistan,Australia,Haris Rauf,8.0,0,83,3,10.37,18,8,5,3,0
Australia vs Pakistan,Australia,Usama Mir,9.0,0,82,1,9.11,19,6,5,2,0
Australia vs Pakistan,Australia,Mohammad Nawaz,7.0,0,43,0,6.14,20,3,2,0,0
India vs Bangladesh,Bangladesh,Jasprit Bumrah,10.0,1,41,2,4.1,39,2,2,1,0
India vs Bangladesh,Bangladesh,Mohammed Siraj,10.0,0,60,2,6.0,34,8,1,3,0
India vs Bangladesh,Bangladesh,Hardik Pandya,0.3,0,8,0,16.0,1,2,0,0,0
India vs Bangladesh,Bangladesh,Virat Kohli,0.3,0,2,0,4.0,1,0,0,0,0
India vs Bangladesh,Bangladesh,Shardul Thakur,9.0,0,59,1,6.55,23,3,3,0,0
India vs Bangladesh,Bangladesh,Kuldeep Yadav,10.0,0,47,1,4.7,25,1,1,1,0
India vs Bangladesh,Bangladesh,Ravindra Jadeja,10.0,0,38,2,3.8,36,2,1,0,0
Afghanistan vs New Zealand,New Zealand,Mujeeb Ur Rahman,10.0,0,57,1,5.7,32,4,2,1,0
Afghanistan vs New Zealand,New Zealand,Fazalhaq Farooqi,7.0,1,39,0,5.57,23,2,2,2,0
Afghanistan vs New Zealand,New Zealand,Naveen-ul-Haq,8.0,0,48,2,6.0,17,4,0,0,0
Afghanistan vs New Zealand,New Zealand,Mohammad Nabi,8.0,1,41,0,5.12,30,1,4,0,0
Afghanistan vs New Zealand,New Zealand,Rashid Khan,10.0,0,43,1,4.3,35,4,0,2,0
Afghanistan vs New Zealand,New Zealand,Azmatullah Omarzai,7.0,0,56,2,8.0,17,4,3,0,1
Netherlands vs South Africa,Netherlands,Lungi Ngidi,9.0,1,57,2,6.33,31,5,1,6,1
Netherlands vs South Africa,Netherlands,Marco Jansen,8.0,1,27,2,3.37,36,3,0,6,0
Netherlands vs South Africa,Netherlands,Kagiso Rabada,9.0,1,56,2,6.22,30,5,2,3,0
Netherlands vs South Africa,Netherlands,Gerald Coetzee,8.0,0,57,1,7.12,25,5,3,2,0
Netherlands vs South Africa,Netherlands,Keshav Maharaj,9.0,0,38,1,4.22,34,5,0,0,0
Australia vs Sri Lanka,Sri Lanka,Mitchell Starc,10.0,0,43,2,4.3,37,5,0,4,0
Australia vs Sri Lanka,Sri Lanka,Josh Hazlewood,7.0,1,36,0,5.14,28,6,0,1,0
Australia vs Sri Lanka,Sri Lanka,Pat Cummins,7.0,0,32,2,4.57,24,4,0,1,0
Australia vs Sri Lanka,Sri Lanka,Glenn Maxwell,9.3,0,36,1,3.78,30,2,0,1,0
Australia vs Sri Lanka,Sri Lanka,Adam Zampa,8.0,1,47,4,5.87,26,5,1,2,0
Australia vs Sri Lanka,Sri Lanka,Marcus Stoinis,2.0,0,11,0,5.5,5,1,0,0,0
Afghanistan vs England,Afghanistan,Chris Woakes,4.0,0,41,0,10.25,13,4,2,2,0
Afghanistan vs England,Afghanistan,Reece Topley,8.5,1,52,1,5.88,30,5,1,3,1
Afghanistan vs England,Afghanistan,Sam Curran,4.0,0,46,0,11.5,9,5,2,0,2
Afghanistan vs England,Afghanistan,Adil Rashid,10.0,1,42,3,4.2,29,1,1,1,0
Afghanistan vs England,Afghanistan,Mark Wood,9.0,0,50,2,5.55,27,5,1,0,0
Afghanistan vs England,Afghanistan,Liam Livingstone,10.0,0,33,1,3.3,31,1,0,0,0
Afghanistan vs England,Afghanistan,Joe Root,4.0,0,19,1,4.75,16,2,1,0,0
India vs Pakistan,Pakistan,Jasprit Bumrah,7.0,1,19,2,2.71,33,3,0,1,0
India vs Pakistan,Pakistan,Mohammed Siraj,8.0,0,50,2,6.25,22,7,0,0,0
India vs Pakistan,Pakistan,Hardik Pandya,6.0,0,34,2,5.66,20,6,0,0,0
India vs Pakistan,Pakistan,Kuldeep Yadav,10.0,0,35,2,3.5,38,4,0,0,0
India vs Pakistan,Pakistan,Ravindra Jadeja,9.5,0,38,2,3.86,35,4,0,0,0
India vs Pakistan,Pakistan,Shardul Thakur,2.0,0,12,0,6.0,6,2,0,0,0
Bangladesh vs New Zealand,Bangladesh,Trent Boult,10.0,0,45,2,4.5,37,5,1,2,0
Bangladesh vs New Zealand,Bangladesh,Matt Henry,10.0,0,58,2,5.8,27,6,0,0,1
Bangladesh vs New Zealand,Bangladesh,Lockie Ferguson,10.0,0,49,3,4.9,44,4,3,2,2
Bangladesh vs New Zealand,Bangladesh,Mitchell Santner,10.0,1,31,1,3.1,36,2,0,0,0
Bangladesh vs New Zealand,Bangladesh,Glenn Phillips,2.0,0,13,1,6.5,8,1,1,0,1
Bangladesh vs New Zealand,Bangladesh,Rachin Ravindra,7.0,0,37,0,5.28,22,2,2,0,0
Bangladesh vs New Zealand,Bangladesh,Daryl Mitchell,1.0,0,11,0,11.0,1,0,1,0,0
Australia vs South Africa,South Africa,Mitchell Starc,9.0,1,53,2,5.88,29,3,3,1,0
Australia vs South Africa,South Africa,Josh Hazlewood,9.0,0,60,1,6.66,30,7,2,3,0
Australia vs South Africa,South Africa,Glenn Maxwell,10.0,1,34,2,3.4,32,0,0,2,0
Australia vs South Africa,South Africa,Pat Cummins,9.0,0,71,1,7.88,19,6,3,0,0
Australia vs South Africa,South Africa,Adam Zampa,10.0,0,70,1,7.0,20,9,0,1,0
Australia vs South Africa,South Africa,Mitchell Marsh,1.0,0,6,0,6.0,1,0,0,0,0
Australia vs South Africa,South Africa,Marcus Stoinis,2.0,0,11,0,5.5,5,1,0,0,0
India vs Afghanistan,Afghanistan,Jasprit Bumrah,10.0,0,39,4,3.9,41,5,0,3,0
India vs Afghanistan,Afghanistan,Mohammed Siraj,9.0,0,76,0,8.44,23,12,1,1,0
India vs Afghanistan,Afghanistan,Hardik Pandya,7.0,0,43,2,6.14,23,5,1,2,0
India vs Afghanistan,Afghanistan,Shardul Thakur,6.0,0,31,1,5.16,21,2,1,1,1
India vs Afghanistan,Afghanistan,Kuldeep Yadav,10.0,0,40,1,4.0,35,0,3,0,0
India vs Afghanistan,Afghanistan,Ravindra Jadeja,8.0,0,38,0,4.75,22,1,1,0,1
Pakistan vs Sri Lanka,Sri Lanka,Shaheen Shah Afridi,9.0,0,66,1,7.33,27,9,1,4,0
Pakistan vs Sri Lanka,Sri Lanka,Hasan Ali,10.0,0,71,4,7.1,32,6,4,3,1
Pakistan vs Sri Lanka,Sri Lanka,Mohammad Nawaz,9.0,0,62,1,6.88,23,7,1,0,0
Pakistan vs Sri Lanka,Sri Lanka,Haris Rauf,10.0,0,64,2,6.4,30,6,2,1,0
Pakistan vs Sri Lanka,Sri Lanka,Shadab Khan,8.0,0,55,1,6.87,20,6,1,0,0
Pakistan vs Sri Lanka,Sri Lanka,Iftikhar Ahmed,4.0,0,22,0,5.5,11,2,0,1,0
Bangladesh vs England,England,Mustafizur Rahman,10.0,0,70,0,7.0,26,6,3,0,0
Bangladesh vs England,England,Taskin Ahmed,6.0,0,38,1,6.33,19,4,1,2,0
Bangladesh vs England,England,Shoriful Islam,10.0,0,75,3,7.5,25,11,0,1,0
Bangladesh vs England,England,Mahedi Hasan,8.0,0,71,4,8.87,17,10,1,0,0
Bangladesh vs England,England,Shakib Al Hasan,10.0,0,52,1,5.2,25,4,0,1,0
Bangladesh vs England,England,Mehidy Hasan Miraz,6.0,0,55,0,9.16,10,6,2,0,0
Netherlands vs New Zealand,New Zealand,Aryan Dutt,10.0,2,62,2,6.2,31,3,3,1,0
Netherlands vs New Zealand,New Zealand,Ryan Klein,7.0,1,41,0,5.85,25,7,0,1,0
Netherlands vs New Zealand,New Zealand,Paul van Meekeren,9.0,0,59,2,6.55,28,7,2,0,1
Netherlands vs New Zealand,New Zealand,Roelof van der Merwe,9.0,0,56,2,6.22,20,5,1,0,0
Netherlands vs New Zealand,New Zealand,Colin Ackermann,4.0,0,28,0,7.0,9,1,2,0,0
Netherlands vs New Zealand,New Zealand,Bas de Leede,10.0,0,64,1,6.4,28,6,2,0,1
Netherlands vs New Zealand,New Zealand,Vikramjit Singh,1.0,0,9,0,9.0,1,1,0,0,0
India vs Australia,Australia,Jasprit Bumrah,10.0,0,35,2,3.5,41,1,1,4,0
India vs Australia,Australia,Mohammed Siraj,6.3,1,26,1,4.0,26,3,0,2,0
India vs Australia,Australia,Hardik Pandya,3.0,0,28,1,9.33,8,6,0,0,0
India vs Australia,Australia,Ravichandran Ashwin,10.0,1,34,1,3.4,32,2,0,0,0
India vs Australia,Australia,Kuldeep Yadav,10.0,0,42,2,4.2,31,2,1,0,0
India vs Australia,Australia,Ravindra Jadeja,10.0,2,28,3,2.8,38,2,0,0,0
South Africa vs Sri Lanka,South Africa,Kasun Rajitha,10.0,1,90,1,9.0,24,8,5,2,0
South Africa vs Sri Lanka,South Africa,Dilshan Madushanka,10.0,0,86,2,8.6,25,12,1,3,1
South Africa vs Sri Lanka,South Africa,Dasun Shanaka,6.0,0,36,0,6.0,10,1,1,0,0
South Africa vs Sri Lanka,South Africa,Dhananjaya de Silva,4.0,0,39,0,9.75,9,4,2,1,0
South Africa vs Sri Lanka,South Africa,Matheesha Pathirana,10.0,0,95,1,9.5,22,10,2,5,0
South Africa vs Sri Lanka,South Africa,Dunith Wellalage,10.0,0,81,1,8.1,27,10,3,2,0
Afghanistan vs Bangladesh,Afghanistan,Taskin Ahmed,6.0,0,32,1,5.33,23,3,1,1,0
Afghanistan vs Bangladesh,Afghanistan,Shoriful Islam,6.2,1,34,2,5.36,23,5,0,2,0
Afghanistan vs Bangladesh,Afghanistan,Mustafizur Rahman,7.0,1,28,1,4.0,26,2,1,0,0
Afghanistan vs Bangladesh,Afghanistan,Shakib Al Hasan,8.0,0,30,3,3.75,28,3,0,0,0
Afghanistan vs Bangladesh,Afghanistan,Mehidy Hasan Miraz,9.0,3,25,3,2.77,38,1,0,1,0
Afghanistan vs Bangladesh,Afghanistan,Mahmudullah,1.0,0,7,0,7.0,3,1,0,0,0
Netherlands vs Pakistan,Pakistan,Aryan Dutt,10.0,0,48,1,4.8,37,7,0,2,0
Netherlands vs Pakistan,Pakistan,Logan van Beek,6.0,0,30,1,5.0,20,4,0,1,0
Netherlands vs Pakistan,Pakistan,Colin Ackermann,8.0,1,39,2,4.87,26,1,2,0,0
Netherlands vs Pakistan,Pakistan,Paul van Meekeren,6.0,0,40,1,6.66,16,5,0,2,0
Netherlands vs Pakistan,Pakistan,Bas de Leede,9.0,0,62,4,6.88,22,9,0,3,0
Netherlands vs Pakistan,Pakistan,Roelof van der Merwe,6.0,0,36,0,6.0,14,2,1,0,1
Netherlands vs Pakistan,Pakistan,Vikramjit Singh,2.0,0,16,0,8.0,5,3,0,0,0
Netherlands vs Pakistan,Pakistan,Saqib Zulfiqar,2.0,0,15,0,7.5,3,2,0,0,0
England vs New Zealand,England,Trent Boult,10.0,1,48,1,4.8,34,3,2,1,0
England vs New Zealand,England,Matt Henry,10.0,1,48,3,4.8,31,6,0,0,0
England vs New Zealand,England,Mitchell Santner,10.0,0,37,2,3.7,26,0,0,1,0
England vs New Zealand,England,James Neesham,7.0,0,56,0,8.0,15,5,2,2,0
England vs New Zealand,England,Rachin Ravindra,10.0,0,76,1,7.6,14,6,2,0,0
England vs New Zealand,England,Glenn Phillips,3.0,0,17,2,5.66,5,1,0,0,0
India vs Australia,Australia,Jasprit Bumrah,9.0,2,43,2,4.77,37,8,0,0,0
India vs Australia,Australia,Mohammed Shami,7.0,1,47,1,6.71,28,6,1,3,0
India vs Australia,Australia,Ravindra Jadeja,10.0,0,43,0,4.3,29,1,1,1,0
India vs Australia,Australia,Kuldeep Yadav,10.0,0,56,0,5.6,25,3,2,0,0
India vs Australia,Australia,Mohammed Siraj,7.0,0,45,1,6.42,16,4,1,0,0
Australia vs South Africa,Australia,Marco Jansen,4.2,0,35,0,8.07,18,6,1,4,0
Australia vs South Africa,Australia,Kagiso Rabada,6.0,0,41,1,6.83,24,2,4,1,1
Australia vs South Africa,Australia,Aiden Markram,8.0,1,23,1,2.87,34,1,1,1,0
Australia vs South Africa,Australia,Gerald Coetzee,9.0,0,47,2,5.22,35,8,0,1,1
Australia vs South Africa,Australia,Tabraiz Shamsi,10.0,0,42,2,4.2,36,3,0,5,0
Australia vs South Africa,Australia,Keshav Maharaj,10.0,0,24,1,2.4,39,1,0,0,0
India vs New Zealand,New Zealand,Jasprit Bumrah,10.0,1,64,1,6.4,32,6,1,6,0
India vs New Zealand,New Zealand,Mohammed Siraj,9.0,0,78,1,8.66,26,10,3,3,0
India vs New Zealand,New Zealand,Mohammed Shami,9.5,0,57,7,5.79,37,3,4,2,0
India vs New Zealand,New Zealand,Ravindra Jadeja,10.0,0,63,0,6.3,29,3,3,0,1
India vs New Zealand,New Zealand,Kuldeep Yadav,10.0,0,56,1,5.6,26,6,0,0,0
India vs Netherlands,Netherlands,Jasprit Bumrah,9.0,1,33,2,3.66,35,3,0,1,0
India vs Netherlands,Netherlands,Mohammed Siraj,6.0,1,29,2,4.83,23,5,0,1,0
India vs Netherlands,Netherlands,Mohammed Shami,6.0,0,41,0,6.83,15,4,1,1,0
India vs Netherlands,Netherlands,Kuldeep Yadav,10.0,1,41,2,4.1,39,1,3,0,0
India vs Netherlands,Netherlands,Ravindra Jadeja,9.0,0,49,2,5.44,31,4,2,1,0
India vs Netherlands,Netherlands,Virat Kohli,3.0,0,13,1,4.33,10,1,0,0,0
India vs Netherlands,Netherlands,Shubman Gill,2.0,0,11,0,5.5,4,1,0,0,0
India vs Netherlands,Netherlands,Suryakumar Yadav,2.0,0,17,0,8.5,5,0,2,0,0
India vs Netherlands,Netherlands,Rohit Sharma,0.5,0,7,1,8.4,3,0,1,0,0
England vs Pakistan,Pakistan,David Willey,10.0,0,56,3,5.6,37,8,1,2,0
England vs Pakistan,Pakistan,Chris Woakes,5.3,0,27,1,4.9,22,5,0,0,0
England vs Pakistan,Pakistan,Adil Rashid,10.0,0,55,2,5.5,26,4,1,1,0
England vs Pakistan,Pakistan,Gus Atkinson,8.0,0,45,2,5.62,29,3,3,2,0
England vs Pakistan,Pakistan,Moeen Ali,10.0,0,60,2,6.0,27,7,1,0,0
Australia vs Bangladesh,Australia,Taskin Ahmed,10.0,0,61,1,6.1,30,6,2,1,0
Australia vs Bangladesh,Australia,Mahedi Hasan,9.0,0,38,0,4.22,29,3,0,1,0
Australia vs Bangladesh,Australia,Nasum Ahmed,10.0,0,85,0,8.5,21,9,3,1,0
Australia vs Bangladesh,Australia,Mehidy Hasan Miraz,6.0,0,47,0,7.83,13,3,3,0,0
Australia vs Bangladesh,Australia,Mustafizur Rahman,9.4,1,76,1,7.86,20,8,2,1,0
Afghanistan vs South Africa,South Africa,Mujeeb Ur Rahman,10.0,0,51,1,5.1,33,4,2,1,0
Afghanistan vs South Africa,South Africa,Naveen-ul-Haq,6.3,0,52,0,8.0,16,2,4,1,0
Afghanistan vs South Africa,South Africa,Mohammad Nabi,10.0,1,35,2,3.5,36,3,0,0,0
Afghanistan vs South Africa,South Africa,Azmatullah Omarzai,1.0,0,8,0,8.0,3,0,1,0,0
Afghanistan vs South Africa,South Africa,Rashid Khan,10.0,1,37,2,3.7,38,2,1,1,0
Afghanistan vs South Africa,South Africa,Noor Ahmad,9.0,0,49,0,5.44,23,3,0,3,0
Afghanistan vs South Africa,South Africa,Rahmat Shah,1.0,0,12,0,12.0,2,1,1,0,0
New Zealand vs Sri Lanka,New Zealand,Dilshan Madushanka,6.2,0,58,0,9.15,16,11,0,1,0
New Zealand vs Sri Lanka,New Zealand,Maheesh Theekshana,7.0,0,43,1,6.14,24,6,1,0,0
New Zealand vs Sri Lanka,New Zealand,Dhananjaya de Silva,2.0,0,22,0,11.0,3,1,2,0,0
New Zealand vs Sri Lanka,New Zealand,Dushmantha Chameera,4.0,1,20,1,5.0,17,1,2,0,0
New Zealand vs Sri Lanka,New Zealand,Angelo Mathews,4.0,0,29,2,7.25,10,4,0,1,0
England vs Netherlands,Netherlands,Chris Woakes,7.0,0,19,1,2.71,33,2,0,2,0
England vs Netherlands,Netherlands,David Willey,7.0,2,19,2,2.71,33,3,0,0,0
England vs Netherlands,Netherlands,Gus Atkinson,7.0,0,41,0,5.85,25,4,2,1,0
England vs Netherlands,Netherlands,Moeen Ali,8.2,0,42,3,5.04,23,1,2,0,0
England vs Netherlands,Netherlands,Adil Rashid,8.0,0,54,3,6.75,22,5,2,1,0
Afghanistan vs Australia,Australia,Mujeeb Ur Rahman,8.5,1,72,0,8.15,28,8,4,0,0
Afghanistan vs Australia,Australia,Naveen-ul-Haq,9.0,0,47,2,5.22,34,5,2,1,0
Afghanistan vs Australia,Australia,Azmatullah Omarzai,7.0,1,52,2,7.42,25,7,2,1,0
Afghanistan vs Australia,Australia,Rashid Khan,10.0,0,44,2,4.4,36,3,1,3,0
Afghanistan vs Australia,Australia,Noor Ahmad,10.0,1,53,0,5.3,36,4,2,1,0
Afghanistan vs Australia,Australia,Mohammad Nabi,2.0,0,20,0,10.0,6,3,1,0,0
Bangladesh vs Sri Lanka,Bangladesh,Dilshan Madushanka,10.0,1,69,3,6.9,35,7,3,4,0
Bangladesh vs Sri Lanka,Bangladesh,Maheesh Theekshana,9.0,0,44,2,4.88,34,6,0,3,0
Bangladesh vs Sri Lanka,Bangladesh,Kasun Rajitha,4.0,0,47,0,11.75,7,5,3,0,0
Bangladesh vs Sri Lanka,Bangladesh,Dushmantha Chameera,8.0,0,54,0,6.75,25,8,1,2,0
Bangladesh vs Sri Lanka,Bangladesh,Angelo Mathews,7.1,1,35,2,4.88,24,4,0,1,0
Bangladesh vs Sri Lanka,Bangladesh,Dhananjaya de Silva,3.0,0,20,0,6.66,8,3,0,0,0
India vs South Africa,South Africa,Jasprit Bumrah,5.0,0,14,0,2.8,23,2,0,1,0
India vs South Africa,South Africa,Mohammed Siraj,4.0,1,11,1,2.75,18,1,0,0,0
India vs South Africa,South Africa,Ravindra Jadeja,9.0,1,33,5,3.66,37,5,0,0,0
India vs South Africa,South Africa,Mohammed Shami,4.0,0,18,2,4.5,16,2,0,1,0
India vs South Africa,South Africa,Kuldeep Yadav,5.1,1,7,2,1.35,24,0,0,0,0
Australia vs England,England,Mitchell Starc,10.0,0,66,2,6.6,29,7,1,4,0
Australia vs England,England,Josh Hazlewood,9.1,1,49,2,5.34,34,6,1,2,0
Australia vs England,England,Pat Cummins,10.0,1,49,2,4.9,32,5,1,0,0
Australia vs England,England,Adam Zampa,10.0,0,21,3,2.1,41,0,0,2,0
Australia vs England,England,Travis Head,5.0,0,28,0,5.6,12,0,2,0,0
Australia vs England,England,Marcus Stoinis,4.0,0,34,1,8.5,8,4,1,0,0
New Zealand vs Pakistan,Pakistan,Trent Boult,6.0,0,50,0,8.33,20,7,2,2,0
New Zealand vs Pakistan,Pakistan,Tim Southee,5.0,0,27,1,5.4,17,1,2,0,0
New Zealand vs Pakistan,Pakistan,Mitchell Santner,5.0,0,35,0,7.0,13,1,3,0,0
New Zealand vs Pakistan,Pakistan,Glenn Phillips,5.0,1,42,0,8.4,13,3,3,0,0
New Zealand vs Pakistan,Pakistan,Ish Sodhi,4.0,0,44,0,11.0,6,3,3,1,0
New Zealand vs Pakistan,Pakistan,Daryl Mitchell,0.3,0,1,0,2.0,2,0,0,0,0
Afghanistan vs Netherlands,Afghanistan,Aryan Dutt,8.3,0,49,0,5.76,25,6,0,3,0
Afghanistan vs Netherlands,Afghanistan,Logan van Beek,7.0,0,30,1,4.28,26,3,0,2,0
Afghanistan vs Netherlands,Afghanistan,Paul van Meekeren,5.0,0,35,0,7.0,15,6,0,1,1
Afghanistan vs Netherlands,Afghanistan,Roelof van der Merwe,5.0,0,27,1,5.4,11,2,0,0,0
Afghanistan vs Netherlands,Afghanistan,Saqib Zulfiqar,3.0,0,25,1,8.33,8,4,0,0,1
Afghanistan vs Netherlands,Afghanistan,Colin Ackermann,3.0,0,12,0,4.0,8,0,0,1,0
India vs Sri Lanka,Sri Lanka,Jasprit Bumrah,5.0,1,8,1,1.6,26,0,0,3,0
India vs Sri Lanka,Sri Lanka,Mohammed Siraj,7.0,2,16,3,2.28,35,2,0,1,0
India vs Sri Lanka,Sri Lanka,Mohammed Shami,5.0,1,18,5,3.6,22,3,0,0,0
India vs Sri Lanka,Sri Lanka,Kuldeep Yadav,2.0,0,3,0,1.5,9,0,0,0,0
India vs Sri Lanka,Sri Lanka,Ravindra Jadeja,0.4,0,4,1,6.0,3,1,0,0,0
New Zealand vs South Africa,New Zealand,Marco Jansen,8.0,1,31,3,3.87,29,3,0,1,1
New Zealand vs South Africa,New Zealand,Lungi Ngidi,6.0,1,28,0,4.66,23,4,0,0,0
New Zealand vs South Africa,New Zealand,Kagiso Rabada,6.0,2,16,1,2.66,27,2,0,0,0
New Zealand vs South Africa,New Zealand,Gerald Coetzee,6.3,0,41,2,6.3,24,5,1,1,0
New Zealand vs South Africa,New Zealand,Keshav Maharaj,9.0,0,46,4,5.11,32,3,3,0,0
Bangladesh vs Pakistan,Pakistan,Taskin Ahmed,6.0,1,36,0,6.0,21,2,3,0,0
Bangladesh vs Pakistan,Pakistan,Shoriful Islam,4.0,1,25,0,6.25,16,3,1,1,0
Bangladesh vs Pakistan,Pakistan,Mehidy Hasan Miraz,9.0,0,60,3,6.66,25,3,4,0,0
Bangladesh vs Pakistan,Pakistan,Mustafizur Rahman,7.0,0,47,0,6.71,23,9,0,1,0
Bangladesh vs Pakistan,Pakistan,Shakib Al Hasan,5.3,0,30,0,5.45,13,1,1,0,0
Bangladesh vs Pakistan,Pakistan,Najmul Hossain Shanto,1.0,0,5,0,5.0,4,1,0,0,0
Afghanistan vs Sri Lanka,Afghanistan,Dilshan Madushanka,9.0,0,48,2,5.33,28,4,1,3,0
Afghanistan vs Sri Lanka,Afghanistan,Kasun Rajitha,10.0,0,48,1,4.8,37,4,1,2,0
Afghanistan vs Sri Lanka,Afghanistan,Angelo Mathews,3.0,0,18,0,6.0,8,2,0,0,0
Afghanistan vs Sri Lanka,Afghanistan,Dushmantha Chameera,9.2,0,51,0,5.46,29,4,2,0,0
Afghanistan vs Sri Lanka,Afghanistan,Maheesh Theekshana,10.0,0,55,0,5.5,25,3,1,3,0
Afghanistan vs Sri Lanka,Afghanistan,Dhananjaya de Silva,4.0,0,21,0,5.25,9,2,0,0,0
India vs England,England,Jasprit Bumrah,6.5,1,32,3,4.68,31,3,2,2,0
India vs England,England,Mohammed Siraj,6.0,0,33,0,5.5,22,3,1,2,0
India vs England,England,Mohammed Shami,7.0,2,22,4,3.14,33,3,0,2,0
India vs England,England,Kuldeep Yadav,8.0,0,24,2,3.0,28,1,0,0,0
India vs England,England,Ravindra Jadeja,7.0,1,16,1,2.28,27,0,0,0,0
Bangladesh vs Netherlands,Bangladesh,Aryan Dutt,10.0,3,26,1,2.6,48,3,1,0,0
Bangladesh vs Netherlands,Bangladesh,Logan van Beek,9.0,1,30,1,3.33,39,3,0,4,0
Bangladesh vs Netherlands,Bangladesh,Colin Ackermann,7.0,1,25,1,3.57,29,2,1,0,0
Bangladesh vs Netherlands,Bangladesh,Paul van Meekeren,7.2,0,23,4,3.13,30,2,0,2,0
Bangladesh vs Netherlands,Bangladesh,Bas de Leede,7.0,0,25,2,3.57,30,4,0,0,0
Bangladesh vs Netherlands,Bangladesh,Shariz Ahmad,2.0,0,13,0,6.5,5,2,0,0,0
Australia vs New Zealand,New Zealand,Mitchell Starc,9.0,0,89,0,9.88,21,6,3,9,0
Australia vs New Zealand,New Zealand,Josh Hazlewood,9.0,0,70,2,7.77,24,9,2,1,0
Australia vs New Zealand,New Zealand,Pat Cummins,10.0,0,66,2,6.6,26,7,1,3,0
Australia vs New Zealand,New Zealand,Glenn Maxwell,10.0,0,62,1,6.2,22,4,2,0,0
Australia vs New Zealand,New Zealand,Adam Zampa,10.0,0,74,3,7.4,22,6,3,0,0
Australia vs New Zealand,New Zealand,Mitchell Marsh,2.0,0,18,0,9.0,3,1,1,1,0
Pakistan vs South Africa,South Africa,Iftikhar Ahmed,3.0,0,23,0,7.66,9,1,1,1,0
Pakistan vs South Africa,South Africa,Shaheen Shah Afridi,10.0,0,45,3,4.5,37,5,0,3,0
Pakistan vs South Africa,South Africa,Mohammad Nawaz,6.2,0,40,0,6.31,15,4,1,0,0
Pakistan vs South Africa,South Africa,Haris Rauf,10.0,0,62,2,6.2,29,3,3,2,0
Pakistan vs South Africa,South Africa,Mohammad Wasim,10.0,1,50,2,5.0,37,7,0,3,0
Pakistan vs South Africa,South Africa,Usama Mir,8.0,0,45,2,5.62,25,1,3,1,0
England vs Sri Lanka,Sri Lanka,Chris Woakes,6.0,0,30,0,5.0,21,4,0,2,0
England vs Sri Lanka,Sri Lanka,David Willey,5.0,0,30,2,6.0,18,5,0,1,0
England vs Sri Lanka,Sri Lanka,Adil Rashid,4.4,0,39,0,8.35,9,1,3,0,0
England vs Sri Lanka,Sri Lanka,Mark Wood,4.0,0,23,0,5.75,12,3,0,0,0
England vs Sri Lanka,Sri Lanka,Liam Livingstone,3.0,0,17,0,5.66,8,2,0,0,0
England vs Sri Lanka,Sri Lanka,Moeen Ali,3.0,0,21,0,7.0,5,2,0,0,0
Australia vs Netherlands,Netherlands,Mitchell Starc,4.0,0,22,1,5.5,19,5,0,2,0
Australia vs Netherlands,Netherlands,Josh Hazlewood,6.0,0,27,1,4.5,25,4,0,2,0
Australia vs Netherlands,Netherlands,Pat Cummins,4.0,0,14,1,3.5,16,2,0,0,0
Australia vs Netherlands,Netherlands,Mitchell Marsh,4.0,0,19,2,4.75,15,2,0,3,0
Australia vs Netherlands,Netherlands,Adam Zampa,3.0,0,8,4,2.66,10,0,0,0,0
Bangladesh vs South Africa,Bangladesh,Marco Jansen,8.0,0,39,2,4.87,34,5,0,5,0
Bangladesh vs South Africa,Bangladesh,Lizaad Williams,8.4,1,56,2,6.46,33,7,2,5,0
Bangladesh vs South Africa,Bangladesh,Gerald Coetzee,10.0,0,62,3,6.2,36,8,2,1,1
Bangladesh vs South Africa,Bangladesh,Kagiso Rabada,10.0,1,42,2,4.2,36,3,1,0,1
Bangladesh vs South Africa,Bangladesh,Keshav Maharaj,10.0,0,32,1,3.2,36,2,0,1,0
Afghanistan vs Pakistan,Afghanistan,Shaheen Shah Afridi,10.0,0,58,1,5.8,27,5,0,2,0
Afghanistan vs Pakistan,Afghanistan,Hasan Ali,10.0,1,44,1,4.4,42,4,2,1,0
Afghanistan vs Pakistan,Afghanistan,Haris Rauf,8.0,1,53,0,6.62,19,6,0,3,0
Afghanistan vs Pakistan,Afghanistan,Usama Mir,8.0,0,55,0,6.87,19,6,0,2,1
Afghanistan vs Pakistan,Afghanistan,Shadab Khan,8.0,0,49,0,6.12,22,6,0,0,0
Afghanistan vs Pakistan,Afghanistan,Iftikhar Ahmed,5.0,0,27,0,5.4,15,1,1,0,0
India vs New Zealand,India,Trent Boult,10.0,0,60,1,6.0,33,6,2,1,0
India vs New Zealand,India,Matt Henry,9.0,0,55,1,6.11,31,7,2,0,0
India vs New Zealand,India,Mitchell Santner,10.0,0,37,1,3.7,32,1,1,0,0
India vs New Zealand,India,Lockie Ferguson,8.0,0,63,2,7.87,22,11,0,2,0
India vs New Zealand,India,Rachin Ravindra,9.0,0,46,0,5.11,28,3,2,1,0
India vs New Zealand,India,Glenn Phillips,2.0,0,12,0,6.0,3,1,0,0,0
England vs South Africa,England,Lungi Ngidi,5.0,1,26,2,5.2,23,2,2,3,0
England vs South Africa,England,Marco Jansen,5.0,0,35,2,7.0,19,4,2,1,0
England vs South Africa,England,Kagiso Rabada,6.0,1,38,1,6.33,24,6,1,0,1
England vs South Africa,England,Gerald Coetzee,4.0,0,35,3,8.75,13,5,1,1,0
England vs South Africa,England,Keshav Maharaj,2.0,0,27,1,13.5,4,1,3,0,0
Netherlands vs Sri Lanka,Sri Lanka,Aryan Dutt,10.0,0,44,3,4.4,38,3,1,2,0
Netherlands vs Sri Lanka,Sri Lanka,Logan van Beek,10.0,0,57,0,5.7,36,6,2,0,0
Netherlands vs Sri Lanka,Sri Lanka,Paul van Meekeren,8.0,1,39,1,4.87,29,4,0,2,0
Netherlands vs Sri Lanka,Sri Lanka,Bas de Leede,3.0,0,29,0,9.66,7,4,0,2,0
Netherlands vs Sri Lanka,Sri Lanka,Roelof van der Merwe,9.0,0,42,0,4.66,25,3,0,1,0
Netherlands vs Sri Lanka,Sri Lanka,Colin Ackermann,8.2,0,39,1,4.68,25,3,0,0,0
Australia vs Pakistan,Pakistan,Mitchell Starc,8.0,0,65,1,8.12,22,10,0,6,0
Australia vs Pakistan,Pakistan,Josh Hazlewood,10.0,1,37,1,3.7,40,5,0,1,0
Australia vs Pakistan,Pakistan,Pat Cummins,7.3,0,62,2,8.26,22,6,4,0,0
Australia vs Pakistan,Pakistan,Adam Zampa,10.0,0,53,4,5.3,25,3,1,1,0
Australia vs Pakistan,Pakistan,Glenn Maxwell,5.0,0,40,0,8.0,10,6,0,0,0
Australia vs Pakistan,Pakistan,Marcus Stoinis,5.0,0,40,2,8.0,10,4,1,3,0
India vs Bangladesh,India,Shoriful Islam,8.0,0,54,0,6.75,25,6,2,0,0
India vs Bangladesh,India,Mustafizur Rahman,5.0,0,29,0,5.8,17,5,0,0,0
India vs Bangladesh,India,Nasum Ahmed,9.3,0,60,0,6.31,30,4,4,0,0
India vs Bangladesh,India,Hasan Mahmud,8.0,0,65,1,8.12,22,5,3,1,2
India vs Bangladesh,India,Mehidy Hasan Miraz,10.0,0,47,2,4.7,24,3,0,1,0
India vs Bangladesh,India,Mahmudullah,1.0,0,6,0,6.0,0,0,0,0,0
Afghanistan vs New Zealand,Afghanistan,Trent Boult,7.0,1,18,2,2.57,32,1,0,2,0
Afghanistan vs New Zealand,Afghanistan,Matt Henry,5.0,2,16,1,3.2,22,1,1,0,0
Afghanistan vs New Zealand,Afghanistan,Mitchell Santner,7.4,0,39,3,5.08,24,3,1,1,0
Afghanistan vs New Zealand,Afghanistan,Lockie Ferguson,7.0,1,19,3,2.71,32,2,0,1,0
Afghanistan vs New Zealand,Afghanistan,Glenn Phillips,3.0,0,13,0,4.33,7,0,0,1,0
Afghanistan vs New Zealand,Afghanistan,Rachin Ravindra,5.0,0,34,1,6.8,11,4,0,0,0
Netherlands vs South Africa,South Africa,Aryan Dutt,5.0,1,19,0,3.8,21,3,0,0,0
Netherlands vs South Africa,South Africa,Logan van Beek,8.5,0,60,3,6.79,30,7,2,1,1
Netherlands vs South Africa,South Africa,Colin Ackermann,3.0,0,16,1,5.33,13,2,1,0,0
Netherlands vs South Africa,South Africa,Paul van Meekeren,9.0,0,40,2,4.44,33,4,1,0,0
Netherlands vs South Africa,South Africa,Roelof van der Merwe,9.0,0,34,2,3.77,29,1,1,0,0
Netherlands vs South Africa,South Africa,Bas de Leede,8.0,0,36,2,4.5,28,3,0,4,0
Australia vs Sri Lanka,Australia,Lahiru Kumara,4.0,0,47,0,11.75,8,5,2,0,0
Australia vs Sri Lanka,Australia,Dilshan Madushanka,9.0,2,38,3,4.22,34,5,0,1,0
Australia vs Sri Lanka,Australia,Maheesh Theekshana,7.0,0,49,0,7.0,19,5,2,0,0
Australia vs Sri Lanka,Australia,Dunith Wellalage,9.2,0,53,1,5.67,29,6,1,0,0
Australia vs Sri Lanka,Australia,Chamika Karunaratne,3.0,0,15,0,5.0,9,1,0,2,0
Australia vs Sri Lanka,Australia,Dhananjaya de Silva,3.0,0,13,0,4.33,8,0,0,0,0
Afghanistan vs England,England,Mujeeb Ur Rahman,10.0,1,51,3,5.1,31,2,1,1,0
Afghanistan vs England,England,Fazalhaq Farooqi,7.0,0,50,1,7.14,23,9,0,2,0
Afghanistan vs England,England,Naveen-ul-Haq,6.0,1,44,1,7.33,17,8,0,0,1
Afghanistan vs England,England,Mohammad Nabi,6.0,0,16,2,2.66,23,0,0,1,0
Afghanistan vs England,England,Rashid Khan,9.3,1,37,3,3.89,30,3,0,0,0
Afghanistan vs England,England,Azmatullah Omarzai,2.0,0,13,0,6.5,5,2,0,0,0
India vs Pakistan,India,Shaheen Shah Afridi,6.0,0,36,2,6.0,21,5,1,1,0
India vs Pakistan,India,Hasan Ali,6.0,0,34,1,5.66,23,7,0,0,0
India vs Pakistan,India,Mohammad Nawaz,8.3,0,47,0,5.52,23,3,2,0,0
India vs Pakistan,India,Haris Rauf,6.0,0,43,0,7.16,14,1,3,0,0
India vs Pakistan,India,Shadab Khan,4.0,0,31,0,7.75,10,2,2,0,0
Bangladesh vs New Zealand,New Zealand,Mustafizur Rahman,8.0,0,36,1,4.5,26,3,0,3,0
Bangladesh vs New Zealand,New Zealand,Shoriful Islam,7.5,1,43,0,5.48,30,5,1,3,0
Bangladesh vs New Zealand,New Zealand,Taskin Ahmed,8.0,0,56,0,7.0,20,6,1,3,0
Bangladesh vs New Zealand,New Zealand,Shakib Al Hasan,10.0,0,54,1,5.4,30,2,3,0,0
Bangladesh vs New Zealand,New Zealand,Mehidy Hasan Miraz,9.0,0,58,0,6.44,17,4,1,1,0
Australia vs South Africa,Australia,Lungi Ngidi,8.0,2,18,1,2.25,35,0,0,1,0
Australia vs South Africa,Australia,Marco Jansen,7.0,0,54,2,7.71,24,8,0,3,1
Australia vs South Africa,Australia,Kagiso Rabada,8.0,1,33,3,4.12,35,5,0,1,1
Australia vs South Africa,Australia,Keshav Maharaj,10.0,0,30,2,3.0,40,2,0,2,0
Australia vs South Africa,Australia,Tabraiz Shamsi,7.5,0,38,2,4.85,24,4,0,0,0
India vs Afghanistan,India,Fazalhaq Farooqi,6.0,0,50,0,8.33,17,6,2,1,0
India vs Afghanistan,India,Mujeeb Ur Rahman,8.0,0,64,0,8.0,18,6,1,3,0
India vs Afghanistan,India,Naveen-ul-Haq,5.0,0,31,0,6.2,16,4,1,0,0
India vs Afghanistan,India,Azmatullah Omarzai,4.0,0,34,0,8.5,12,5,1,1,0
India vs Afghanistan,India,Mohammad Nabi,4.0,0,32,0,8.0,11,3,2,0,0
India vs Afghanistan,India,Rashid Khan,8.0,0,57,2,7.12,12,4,1,1,0
Pakistan vs Sri Lanka,Pakistan,Maheesh Theekshana,10.0,0,59,1,5.9,23,3,0,1,0
Pakistan vs Sri Lanka,Pakistan,Dilshan Madushanka,9.2,0,60,2,6.42,27,5,1,2,1
Pakistan vs Sri Lanka,Pakistan,Dasun Shanaka,5.0,0,28,0,5.6,10,2,0,0,0
Pakistan vs Sri Lanka,Pakistan,Matheesha Pathirana,9.0,0,90,1,10.0,14,8,1,9,0
Pakistan vs Sri Lanka,Pakistan,Dunith Wellalage,10.0,0,62,0,6.2,24,4,2,0,0
Pakistan vs Sri Lanka,Pakistan,Dhananjaya de Silva,4.0,0,36,0,9.0,7,3,2,0,0
Pakistan vs Sri Lanka,Pakistan,Charith Asalanka,1.0,0,10,0,10.0,1,1,0,0,0
Bangladesh vs England,Bangladesh,Chris Woakes,8.0,0,49,2,6.12,24,6,0,0,0
Bangladesh vs England,Bangladesh,Reece Topley,10.0,1,43,4,4.3,35,3,1,0,0
Bangladesh vs England,Bangladesh,Sam Curran,7.2,0,47,1,6.4,15,5,0,2,0
Bangladesh vs England,Bangladesh,Mark Wood,10.0,0,29,1,2.9,38,2,0,1,0
Bangladesh vs England,Bangladesh,Adil Rashid,10.0,0,42,1,4.2,31,1,1,0,0
Bangladesh vs England,Bangladesh,Liam Livingstone,3.0,0,13,1,4.33,11,0,1,0,0
Netherlands vs New Zealand,Netherlands,Trent Boult,8.0,0,34,0,4.25,29,3,0,1,0
Netherlands vs New Zealand,Netherlands,Matt Henry,8.3,0,40,3,4.7,29,4,0,0,0
Netherlands vs New Zealand,Netherlands,Mitchell Santner,10.0,0,59,5,5.9,30,4,2,0,0
Netherlands vs New Zealand,Netherlands,Lockie Ferguson,8.0,0,32,0,4.0,31,5,0,0,0
Netherlands vs New Zealand,Netherlands,Rachin Ravindra,10.0,0,46,1,4.6,30,3,1,0,1
Netherlands vs New Zealand,Netherlands,Glenn Phillips,2.0,0,11,0,5.5,2,0,0,0,0
India vs Australia,India,Mitchell Starc,8.0,0,31,1,3.87,28,2,0,3,0
India vs Australia,India,Josh Hazlewood,9.0,1,38,3,4.22,33,3,1,1,0
India vs Australia,India,Pat Cummins,6.2,0,33,0,5.21,19,2,1,1,1
India vs Australia,India,Glenn Maxwell,8.0,0,33,0,4.12,24,1,1,0,0
India vs Australia,India,Cameron Green,2.0,0,11,0,5.5,7,2,0,0,0
India vs Australia,India,Adam Zampa,8.0,0,53,0,6.62,13,4,0,0,0
South Africa vs Sri Lanka,Sri Lanka,Lungi Ngidi,8.0,1,49,1,6.12,30,3,4,2,0
South Africa vs Sri Lanka,Sri Lanka,Marco Jansen,10.0,0,92,2,9.2,31,10,6,3,0
South Africa vs Sri Lanka,Sri Lanka,Kagiso Rabada,7.5,0,50,2,6.38,22,3,2,2,1
South Africa vs Sri Lanka,Sri Lanka,Keshav Maharaj,10.0,0,62,2,6.2,33,6,2,2,0
South Africa vs Sri Lanka,Sri Lanka,Gerald Coetzee,9.0,0,68,3,7.55,26,7,3,1,0
Afghanistan vs Bangladesh,Bangladesh,Fazalhaq Farooqi,5.0,0,19,1,3.8,22,2,0,2,0
Afghanistan vs Bangladesh,Bangladesh,Mujeeb Ur Rahman,7.0,0,30,0,4.28,26,3,1,0,0
Afghanistan vs Bangladesh,Bangladesh,Naveen-ul-Haq,5.4,0,31,1,5.47,14,2,0,1,1
Afghanistan vs Bangladesh,Bangladesh,Rashid Khan,9.0,0,48,0,5.33,24,5,0,0,0
Afghanistan vs Bangladesh,Bangladesh,Mohammad Nabi,6.0,1,18,0,3.0,20,0,0,1,0
Afghanistan vs Bangladesh,Bangladesh,Azmatullah Omarzai,2.0,0,9,1,4.5,7,1,0,0,0
Netherlands vs Pakistan,Netherlands,Shaheen Shah Afridi,7.0,0,37,1,5.28,26,5,0,2,0
Netherlands vs Pakistan,Netherlands,Hasan Ali,7.0,1,33,2,4.71,31,6,0,4,0
Netherlands vs Pakistan,Netherlands,Haris Rauf,9.0,0,43,3,4.77,33,5,1,2,0
Netherlands vs Pakistan,Netherlands,Iftikhar Ahmed,3.0,0,16,1,5.33,7,1,0,0,0
Netherlands vs Pakistan,Netherlands,Mohammad Nawaz,7.0,0,31,1,4.42,23,2,1,0,0
Netherlands vs Pakistan,Netherlands,Shadab Khan,8.0,0,45,1,5.62,23,1,2,1,0
England vs New Zealand,New Zealand,Chris Woakes,6.0,0,45,0,7.5,18,7,1,0,0
England vs New Zealand,New Zealand,Sam Curran,6.0,2,47,1,7.83,17,6,1,2,0
England vs New Zealand,New Zealand,Mark Wood,5.0,0,55,0,11.0,9,7,2,1,0
England vs New Zealand,New Zealand,Moeen Ali,9.2,0,60,0,6.42,20,2,3,0,0
England vs New Zealand,New Zealand,Adil Rashid,7.0,0,47,0,6.71,15,4,1,0,0
England vs New Zealand,New Zealand,Liam Livingstone,3.0,0,24,0,8.0,7,4,0,0,0
